_from,_to
o_abilities/cd3cf912-fb8e-4965-9b60-d283335a8bfb,o_activities/790fbbbc-e9e3-414c-8ae4-cbed5a42dfa3
o_abilities/cd3cf912-fb8e-4965-9b60-d283335a8bfb,o_activities/2246596c-1576-4366-9586-f250212e284a
o_abilities/cd3cf912-fb8e-4965-9b60-d283335a8bfb,o_activities/dbd6047d-da94-4e69-bcd3-8c21ea6c3c59
o_abilities/cd3cf912-fb8e-4965-9b60-d283335a8bfb,o_activities/a4f1df47-19f2-445e-89e9-5aed0a12d78c
o_abilities/cd3cf912-fb8e-4965-9b60-d283335a8bfb,o_activities/21ad6deb-4a38-44d2-b19b-7a935e0a036b
o_abilities/cd3cf912-fb8e-4965-9b60-d283335a8bfb,o_activities/89e11843-0094-4f70-8c47-671440a06830
o_abilities/cd3cf912-fb8e-4965-9b60-d283335a8bfb,o_activities/452672b7-7813-4cd5-97e0-3364c6496c91
o_abilities/cd3cf912-fb8e-4965-9b60-d283335a8bfb,o_activities/22cd41fd-ad55-418a-994d-1b5f86741e2c
o_abilities/cd3cf912-fb8e-4965-9b60-d283335a8bfb,o_activities/78ad3132-917f-46f9-bc40-6612869b16a7
o_abilities/cd3cf912-fb8e-4965-9b60-d283335a8bfb,o_activities/bce20e9c-dc5d-4249-9b18-b042a209f766
o_abilities/cd3cf912-fb8e-4965-9b60-d283335a8bfb,o_activities/1c21c960-f418-4a75-8c27-5746210b8fcd
o_abilities/cd3cf912-fb8e-4965-9b60-d283335a8bfb,o_activities/a29e42a7-c871-48de-8945-98dc023e29a7
o_abilities/cd3cf912-fb8e-4965-9b60-d283335a8bfb,o_activities/2229aa20-c84e-4f51-b51c-67dfbd150fe5
o_abilities/cd3cf912-fb8e-4965-9b60-d283335a8bfb,o_activities/369551d5-db24-4c4d-b72c-2a0f51374d70
o_abilities/cd3cf912-fb8e-4965-9b60-d283335a8bfb,o_activities/f6905975-1c21-4c6b-ae0e-f6485fdb142a
o_abilities/cd3cf912-fb8e-4965-9b60-d283335a8bfb,o_activities/f2e3c8a9-a8b9-4101-8e56-b062bdc284f2
o_abilities/cd3cf912-fb8e-4965-9b60-d283335a8bfb,o_activities/2ce87e6f-c36d-460e-b65e-1e6b0d82510b
o_abilities/cd3cf912-fb8e-4965-9b60-d283335a8bfb,o_activities/61100a1e-f47d-451d-aeb4-ce56628b9268
o_abilities/cd3cf912-fb8e-4965-9b60-d283335a8bfb,o_activities/2560692f-2337-41f9-97d4-4ffa958c16d9
o_abilities/cd3cf912-fb8e-4965-9b60-d283335a8bfb,o_activities/85601971-5122-4dab-803f-419e8cf6f7ee
o_abilities/cd3cf912-fb8e-4965-9b60-d283335a8bfb,o_activities/e05b7b5d-70ee-4371-ab69-cbddf8faf3d7
o_abilities/cd3cf912-fb8e-4965-9b60-d283335a8bfb,o_activities/e147a30b-7e4f-439d-905c-8637e5b346ff
o_abilities/cd3cf912-fb8e-4965-9b60-d283335a8bfb,o_activities/610b888a-bbb0-48fb-98bf-d3d50702d997
o_abilities/e3134472-8edd-473c-90b7-2c0ea1df8e55,o_activities/790fbbbc-e9e3-414c-8ae4-cbed5a42dfa3
o_abilities/e3134472-8edd-473c-90b7-2c0ea1df8e55,o_activities/2246596c-1576-4366-9586-f250212e284a
o_abilities/e3134472-8edd-473c-90b7-2c0ea1df8e55,o_activities/dbd6047d-da94-4e69-bcd3-8c21ea6c3c59
o_abilities/e3134472-8edd-473c-90b7-2c0ea1df8e55,o_activities/a4f1df47-19f2-445e-89e9-5aed0a12d78c
o_abilities/e3134472-8edd-473c-90b7-2c0ea1df8e55,o_activities/21ad6deb-4a38-44d2-b19b-7a935e0a036b
o_abilities/e3134472-8edd-473c-90b7-2c0ea1df8e55,o_activities/89e11843-0094-4f70-8c47-671440a06830
o_abilities/e3134472-8edd-473c-90b7-2c0ea1df8e55,o_activities/22704e83-49fb-415f-9a56-296ffea8f296
o_abilities/e3134472-8edd-473c-90b7-2c0ea1df8e55,o_activities/5cef7b17-be09-4802-a9bf-bfda2b5855ee
o_abilities/e3134472-8edd-473c-90b7-2c0ea1df8e55,o_activities/452672b7-7813-4cd5-97e0-3364c6496c91
o_abilities/e3134472-8edd-473c-90b7-2c0ea1df8e55,o_activities/d8501a67-2459-4bb4-b7a9-6b41a0b715b1
o_abilities/e3134472-8edd-473c-90b7-2c0ea1df8e55,o_activities/ebfc252e-e6e7-4775-b245-86def0a2ee12
o_abilities/e3134472-8edd-473c-90b7-2c0ea1df8e55,o_activities/22cd41fd-ad55-418a-994d-1b5f86741e2c
o_abilities/e3134472-8edd-473c-90b7-2c0ea1df8e55,o_activities/78ad3132-917f-46f9-bc40-6612869b16a7
o_abilities/e3134472-8edd-473c-90b7-2c0ea1df8e55,o_activities/bce20e9c-dc5d-4249-9b18-b042a209f766
o_abilities/e3134472-8edd-473c-90b7-2c0ea1df8e55,o_activities/369551d5-db24-4c4d-b72c-2a0f51374d70
o_abilities/e3134472-8edd-473c-90b7-2c0ea1df8e55,o_activities/61100a1e-f47d-451d-aeb4-ce56628b9268
o_abilities/e3134472-8edd-473c-90b7-2c0ea1df8e55,o_activities/2560692f-2337-41f9-97d4-4ffa958c16d9
o_abilities/e3134472-8edd-473c-90b7-2c0ea1df8e55,o_activities/e05b7b5d-70ee-4371-ab69-cbddf8faf3d7
o_abilities/e3134472-8edd-473c-90b7-2c0ea1df8e55,o_activities/e85f5d04-586b-4c62-819b-816ace28c31a
o_abilities/e3134472-8edd-473c-90b7-2c0ea1df8e55,o_activities/e147a30b-7e4f-439d-905c-8637e5b346ff
o_abilities/e3134472-8edd-473c-90b7-2c0ea1df8e55,o_activities/610b888a-bbb0-48fb-98bf-d3d50702d997
o_abilities/6935d301-5eaf-473f-b004-bb0e7f235423,o_activities/790fbbbc-e9e3-414c-8ae4-cbed5a42dfa3
o_abilities/6935d301-5eaf-473f-b004-bb0e7f235423,o_activities/1b426eef-88f4-4086-bece-f91ed2a24499
o_abilities/6935d301-5eaf-473f-b004-bb0e7f235423,o_activities/250c94ab-a42f-4264-a303-648423fc110a
o_abilities/6935d301-5eaf-473f-b004-bb0e7f235423,o_activities/22cd41fd-ad55-418a-994d-1b5f86741e2c
o_abilities/6935d301-5eaf-473f-b004-bb0e7f235423,o_activities/78ad3132-917f-46f9-bc40-6612869b16a7
o_abilities/6935d301-5eaf-473f-b004-bb0e7f235423,o_activities/bce20e9c-dc5d-4249-9b18-b042a209f766
o_abilities/6935d301-5eaf-473f-b004-bb0e7f235423,o_activities/1c21c960-f418-4a75-8c27-5746210b8fcd
o_abilities/6935d301-5eaf-473f-b004-bb0e7f235423,o_activities/a29e42a7-c871-48de-8945-98dc023e29a7
o_abilities/6935d301-5eaf-473f-b004-bb0e7f235423,o_activities/2229aa20-c84e-4f51-b51c-67dfbd150fe5
o_abilities/6935d301-5eaf-473f-b004-bb0e7f235423,o_activities/369551d5-db24-4c4d-b72c-2a0f51374d70
o_abilities/6935d301-5eaf-473f-b004-bb0e7f235423,o_activities/f6905975-1c21-4c6b-ae0e-f6485fdb142a
o_abilities/6935d301-5eaf-473f-b004-bb0e7f235423,o_activities/f2e3c8a9-a8b9-4101-8e56-b062bdc284f2
o_abilities/6935d301-5eaf-473f-b004-bb0e7f235423,o_activities/2ce87e6f-c36d-460e-b65e-1e6b0d82510b
o_abilities/6935d301-5eaf-473f-b004-bb0e7f235423,o_activities/61100a1e-f47d-451d-aeb4-ce56628b9268
o_abilities/6935d301-5eaf-473f-b004-bb0e7f235423,o_activities/2560692f-2337-41f9-97d4-4ffa958c16d9
o_abilities/6935d301-5eaf-473f-b004-bb0e7f235423,o_activities/85601971-5122-4dab-803f-419e8cf6f7ee
o_abilities/6935d301-5eaf-473f-b004-bb0e7f235423,o_activities/e05b7b5d-70ee-4371-ab69-cbddf8faf3d7
o_abilities/6935d301-5eaf-473f-b004-bb0e7f235423,o_activities/e147a30b-7e4f-439d-905c-8637e5b346ff
o_abilities/dea0440c-110c-4f69-ae50-ffa829fdb88c,o_activities/1b426eef-88f4-4086-bece-f91ed2a24499
o_abilities/dea0440c-110c-4f69-ae50-ffa829fdb88c,o_activities/250c94ab-a42f-4264-a303-648423fc110a
o_abilities/dea0440c-110c-4f69-ae50-ffa829fdb88c,o_activities/ebfc252e-e6e7-4775-b245-86def0a2ee12
o_abilities/dea0440c-110c-4f69-ae50-ffa829fdb88c,o_activities/22cd41fd-ad55-418a-994d-1b5f86741e2c
o_abilities/dea0440c-110c-4f69-ae50-ffa829fdb88c,o_activities/78ad3132-917f-46f9-bc40-6612869b16a7
o_abilities/dea0440c-110c-4f69-ae50-ffa829fdb88c,o_activities/bce20e9c-dc5d-4249-9b18-b042a209f766
o_abilities/dea0440c-110c-4f69-ae50-ffa829fdb88c,o_activities/2229aa20-c84e-4f51-b51c-67dfbd150fe5
o_abilities/dea0440c-110c-4f69-ae50-ffa829fdb88c,o_activities/369551d5-db24-4c4d-b72c-2a0f51374d70
o_abilities/dea0440c-110c-4f69-ae50-ffa829fdb88c,o_activities/f2e3c8a9-a8b9-4101-8e56-b062bdc284f2
o_abilities/dea0440c-110c-4f69-ae50-ffa829fdb88c,o_activities/2ce87e6f-c36d-460e-b65e-1e6b0d82510b
o_abilities/dea0440c-110c-4f69-ae50-ffa829fdb88c,o_activities/61100a1e-f47d-451d-aeb4-ce56628b9268
o_abilities/dea0440c-110c-4f69-ae50-ffa829fdb88c,o_activities/2560692f-2337-41f9-97d4-4ffa958c16d9
o_abilities/dea0440c-110c-4f69-ae50-ffa829fdb88c,o_activities/e05b7b5d-70ee-4371-ab69-cbddf8faf3d7
o_abilities/dea0440c-110c-4f69-ae50-ffa829fdb88c,o_activities/e85f5d04-586b-4c62-819b-816ace28c31a
o_abilities/dea0440c-110c-4f69-ae50-ffa829fdb88c,o_activities/e147a30b-7e4f-439d-905c-8637e5b346ff
o_abilities/8dfd7581-49d5-4895-8cd6-c676e2bf76f1,o_activities/5cef7b17-be09-4802-a9bf-bfda2b5855ee
o_abilities/8dfd7581-49d5-4895-8cd6-c676e2bf76f1,o_activities/ec4013a2-7b5c-4db8-9ef4-b518ad4219f2
o_abilities/8dfd7581-49d5-4895-8cd6-c676e2bf76f1,o_activities/1b426eef-88f4-4086-bece-f91ed2a24499
o_abilities/8dfd7581-49d5-4895-8cd6-c676e2bf76f1,o_activities/2229aa20-c84e-4f51-b51c-67dfbd150fe5
o_abilities/8dfd7581-49d5-4895-8cd6-c676e2bf76f1,o_activities/369551d5-db24-4c4d-b72c-2a0f51374d70
o_abilities/8dfd7581-49d5-4895-8cd6-c676e2bf76f1,o_activities/f2e3c8a9-a8b9-4101-8e56-b062bdc284f2
o_abilities/8dfd7581-49d5-4895-8cd6-c676e2bf76f1,o_activities/2ce87e6f-c36d-460e-b65e-1e6b0d82510b
o_abilities/8dfd7581-49d5-4895-8cd6-c676e2bf76f1,o_activities/61100a1e-f47d-451d-aeb4-ce56628b9268
o_abilities/8dfd7581-49d5-4895-8cd6-c676e2bf76f1,o_activities/2560692f-2337-41f9-97d4-4ffa958c16d9
o_abilities/8dfd7581-49d5-4895-8cd6-c676e2bf76f1,o_activities/85601971-5122-4dab-803f-419e8cf6f7ee
o_abilities/8dfd7581-49d5-4895-8cd6-c676e2bf76f1,o_activities/e05b7b5d-70ee-4371-ab69-cbddf8faf3d7
o_abilities/ce9ac473-d37c-4bc3-8f49-3c69ba192025,o_activities/5cef7b17-be09-4802-a9bf-bfda2b5855ee
o_abilities/ce9ac473-d37c-4bc3-8f49-3c69ba192025,o_activities/ec4013a2-7b5c-4db8-9ef4-b518ad4219f2
o_abilities/ce9ac473-d37c-4bc3-8f49-3c69ba192025,o_activities/1b426eef-88f4-4086-bece-f91ed2a24499
o_abilities/ce9ac473-d37c-4bc3-8f49-3c69ba192025,o_activities/2229aa20-c84e-4f51-b51c-67dfbd150fe5
o_abilities/ce9ac473-d37c-4bc3-8f49-3c69ba192025,o_activities/369551d5-db24-4c4d-b72c-2a0f51374d70
o_abilities/ce9ac473-d37c-4bc3-8f49-3c69ba192025,o_activities/f2e3c8a9-a8b9-4101-8e56-b062bdc284f2
o_abilities/ce9ac473-d37c-4bc3-8f49-3c69ba192025,o_activities/2ce87e6f-c36d-460e-b65e-1e6b0d82510b
o_abilities/ce9ac473-d37c-4bc3-8f49-3c69ba192025,o_activities/61100a1e-f47d-451d-aeb4-ce56628b9268
o_abilities/ce9ac473-d37c-4bc3-8f49-3c69ba192025,o_activities/2560692f-2337-41f9-97d4-4ffa958c16d9
o_abilities/ce9ac473-d37c-4bc3-8f49-3c69ba192025,o_activities/85601971-5122-4dab-803f-419e8cf6f7ee
o_abilities/ce9ac473-d37c-4bc3-8f49-3c69ba192025,o_activities/e05b7b5d-70ee-4371-ab69-cbddf8faf3d7
o_abilities/35b1eb5d-8df5-4a84-ad55-6b0793d57a9b,o_activities/2246596c-1576-4366-9586-f250212e284a
o_abilities/35b1eb5d-8df5-4a84-ad55-6b0793d57a9b,o_activities/dbd6047d-da94-4e69-bcd3-8c21ea6c3c59
o_abilities/35b1eb5d-8df5-4a84-ad55-6b0793d57a9b,o_activities/fcf1b764-b7d4-424c-bc0f-23ca8a58509d
o_abilities/35b1eb5d-8df5-4a84-ad55-6b0793d57a9b,o_activities/89e11843-0094-4f70-8c47-671440a06830
o_abilities/35b1eb5d-8df5-4a84-ad55-6b0793d57a9b,o_activities/5cef7b17-be09-4802-a9bf-bfda2b5855ee
o_abilities/35b1eb5d-8df5-4a84-ad55-6b0793d57a9b,o_activities/1b426eef-88f4-4086-bece-f91ed2a24499
o_abilities/35b1eb5d-8df5-4a84-ad55-6b0793d57a9b,o_activities/8e976ab3-26fe-43d7-a5e3-f104b5dd9bf7
o_abilities/35b1eb5d-8df5-4a84-ad55-6b0793d57a9b,o_activities/4f58bb35-c9d2-4725-bdb4-10e73317d0ff
o_abilities/35b1eb5d-8df5-4a84-ad55-6b0793d57a9b,o_activities/5cdeba07-2f8e-4ca2-b8d1-592d4aea6b75
o_abilities/35b1eb5d-8df5-4a84-ad55-6b0793d57a9b,o_activities/0c75463d-3dc0-49ba-806a-60d3b797ee2f
o_abilities/35b1eb5d-8df5-4a84-ad55-6b0793d57a9b,o_activities/eb73cbe8-4e02-4a0b-bf10-f9a33e54bac7
o_abilities/35b1eb5d-8df5-4a84-ad55-6b0793d57a9b,o_activities/1c21c960-f418-4a75-8c27-5746210b8fcd
o_abilities/35b1eb5d-8df5-4a84-ad55-6b0793d57a9b,o_activities/a29e42a7-c871-48de-8945-98dc023e29a7
o_abilities/35b1eb5d-8df5-4a84-ad55-6b0793d57a9b,o_activities/2229aa20-c84e-4f51-b51c-67dfbd150fe5
o_abilities/35b1eb5d-8df5-4a84-ad55-6b0793d57a9b,o_activities/369551d5-db24-4c4d-b72c-2a0f51374d70
o_abilities/35b1eb5d-8df5-4a84-ad55-6b0793d57a9b,o_activities/f6905975-1c21-4c6b-ae0e-f6485fdb142a
o_abilities/35b1eb5d-8df5-4a84-ad55-6b0793d57a9b,o_activities/f2e3c8a9-a8b9-4101-8e56-b062bdc284f2
o_abilities/35b1eb5d-8df5-4a84-ad55-6b0793d57a9b,o_activities/2ce87e6f-c36d-460e-b65e-1e6b0d82510b
o_abilities/35b1eb5d-8df5-4a84-ad55-6b0793d57a9b,o_activities/61100a1e-f47d-451d-aeb4-ce56628b9268
o_abilities/35b1eb5d-8df5-4a84-ad55-6b0793d57a9b,o_activities/2560692f-2337-41f9-97d4-4ffa958c16d9
o_abilities/35b1eb5d-8df5-4a84-ad55-6b0793d57a9b,o_activities/85601971-5122-4dab-803f-419e8cf6f7ee
o_abilities/35b1eb5d-8df5-4a84-ad55-6b0793d57a9b,o_activities/e05b7b5d-70ee-4371-ab69-cbddf8faf3d7
o_abilities/35b1eb5d-8df5-4a84-ad55-6b0793d57a9b,o_activities/e147a30b-7e4f-439d-905c-8637e5b346ff
o_abilities/35b1eb5d-8df5-4a84-ad55-6b0793d57a9b,o_activities/610b888a-bbb0-48fb-98bf-d3d50702d997
o_abilities/2696af50-63e7-4097-9306-ab728ade6ec2,o_activities/2246596c-1576-4366-9586-f250212e284a
o_abilities/2696af50-63e7-4097-9306-ab728ade6ec2,o_activities/dbd6047d-da94-4e69-bcd3-8c21ea6c3c59
o_abilities/2696af50-63e7-4097-9306-ab728ade6ec2,o_activities/fcf1b764-b7d4-424c-bc0f-23ca8a58509d
o_abilities/2696af50-63e7-4097-9306-ab728ade6ec2,o_activities/137a5985-823c-47a2-b3ed-821bd91df67c
o_abilities/2696af50-63e7-4097-9306-ab728ade6ec2,o_activities/a4f1df47-19f2-445e-89e9-5aed0a12d78c
o_abilities/2696af50-63e7-4097-9306-ab728ade6ec2,o_activities/21ad6deb-4a38-44d2-b19b-7a935e0a036b
o_abilities/2696af50-63e7-4097-9306-ab728ade6ec2,o_activities/89e11843-0094-4f70-8c47-671440a06830
o_abilities/2696af50-63e7-4097-9306-ab728ade6ec2,o_activities/22704e83-49fb-415f-9a56-296ffea8f296
o_abilities/2696af50-63e7-4097-9306-ab728ade6ec2,o_activities/5cef7b17-be09-4802-a9bf-bfda2b5855ee
o_abilities/2696af50-63e7-4097-9306-ab728ade6ec2,o_activities/452672b7-7813-4cd5-97e0-3364c6496c91
o_abilities/2696af50-63e7-4097-9306-ab728ade6ec2,o_activities/1b426eef-88f4-4086-bece-f91ed2a24499
o_abilities/2696af50-63e7-4097-9306-ab728ade6ec2,o_activities/8e976ab3-26fe-43d7-a5e3-f104b5dd9bf7
o_abilities/2696af50-63e7-4097-9306-ab728ade6ec2,o_activities/4f58bb35-c9d2-4725-bdb4-10e73317d0ff
o_abilities/2696af50-63e7-4097-9306-ab728ade6ec2,o_activities/d8501a67-2459-4bb4-b7a9-6b41a0b715b1
o_abilities/2696af50-63e7-4097-9306-ab728ade6ec2,o_activities/250c94ab-a42f-4264-a303-648423fc110a
o_abilities/2696af50-63e7-4097-9306-ab728ade6ec2,o_activities/0c75463d-3dc0-49ba-806a-60d3b797ee2f
o_abilities/2696af50-63e7-4097-9306-ab728ade6ec2,o_activities/eb73cbe8-4e02-4a0b-bf10-f9a33e54bac7
o_abilities/2696af50-63e7-4097-9306-ab728ade6ec2,o_activities/22cd41fd-ad55-418a-994d-1b5f86741e2c
o_abilities/2696af50-63e7-4097-9306-ab728ade6ec2,o_activities/a29e42a7-c871-48de-8945-98dc023e29a7
o_abilities/2696af50-63e7-4097-9306-ab728ade6ec2,o_activities/2229aa20-c84e-4f51-b51c-67dfbd150fe5
o_abilities/2696af50-63e7-4097-9306-ab728ade6ec2,o_activities/369551d5-db24-4c4d-b72c-2a0f51374d70
o_abilities/2696af50-63e7-4097-9306-ab728ade6ec2,o_activities/f6905975-1c21-4c6b-ae0e-f6485fdb142a
o_abilities/2696af50-63e7-4097-9306-ab728ade6ec2,o_activities/f2e3c8a9-a8b9-4101-8e56-b062bdc284f2
o_abilities/2696af50-63e7-4097-9306-ab728ade6ec2,o_activities/2ce87e6f-c36d-460e-b65e-1e6b0d82510b
o_abilities/2696af50-63e7-4097-9306-ab728ade6ec2,o_activities/61100a1e-f47d-451d-aeb4-ce56628b9268
o_abilities/2696af50-63e7-4097-9306-ab728ade6ec2,o_activities/2560692f-2337-41f9-97d4-4ffa958c16d9
o_abilities/2696af50-63e7-4097-9306-ab728ade6ec2,o_activities/85601971-5122-4dab-803f-419e8cf6f7ee
o_abilities/2696af50-63e7-4097-9306-ab728ade6ec2,o_activities/e05b7b5d-70ee-4371-ab69-cbddf8faf3d7
o_abilities/2696af50-63e7-4097-9306-ab728ade6ec2,o_activities/e85f5d04-586b-4c62-819b-816ace28c31a
o_abilities/2696af50-63e7-4097-9306-ab728ade6ec2,o_activities/e147a30b-7e4f-439d-905c-8637e5b346ff
o_abilities/2696af50-63e7-4097-9306-ab728ade6ec2,o_activities/610b888a-bbb0-48fb-98bf-d3d50702d997
o_abilities/95c53ff5-a1e5-417d-abd0-790d019bf520,o_activities/790fbbbc-e9e3-414c-8ae4-cbed5a42dfa3
o_abilities/95c53ff5-a1e5-417d-abd0-790d019bf520,o_activities/2246596c-1576-4366-9586-f250212e284a
o_abilities/95c53ff5-a1e5-417d-abd0-790d019bf520,o_activities/dbd6047d-da94-4e69-bcd3-8c21ea6c3c59
o_abilities/95c53ff5-a1e5-417d-abd0-790d019bf520,o_activities/fcf1b764-b7d4-424c-bc0f-23ca8a58509d
o_abilities/95c53ff5-a1e5-417d-abd0-790d019bf520,o_activities/137a5985-823c-47a2-b3ed-821bd91df67c
o_abilities/95c53ff5-a1e5-417d-abd0-790d019bf520,o_activities/a4f1df47-19f2-445e-89e9-5aed0a12d78c
o_abilities/95c53ff5-a1e5-417d-abd0-790d019bf520,o_activities/21ad6deb-4a38-44d2-b19b-7a935e0a036b
o_abilities/95c53ff5-a1e5-417d-abd0-790d019bf520,o_activities/89e11843-0094-4f70-8c47-671440a06830
o_abilities/95c53ff5-a1e5-417d-abd0-790d019bf520,o_activities/22704e83-49fb-415f-9a56-296ffea8f296
o_abilities/95c53ff5-a1e5-417d-abd0-790d019bf520,o_activities/5cef7b17-be09-4802-a9bf-bfda2b5855ee
o_abilities/95c53ff5-a1e5-417d-abd0-790d019bf520,o_activities/ec4013a2-7b5c-4db8-9ef4-b518ad4219f2
o_abilities/95c53ff5-a1e5-417d-abd0-790d019bf520,o_activities/452672b7-7813-4cd5-97e0-3364c6496c91
o_abilities/95c53ff5-a1e5-417d-abd0-790d019bf520,o_activities/1b426eef-88f4-4086-bece-f91ed2a24499
o_abilities/95c53ff5-a1e5-417d-abd0-790d019bf520,o_activities/4f58bb35-c9d2-4725-bdb4-10e73317d0ff
o_abilities/95c53ff5-a1e5-417d-abd0-790d019bf520,o_activities/0c75463d-3dc0-49ba-806a-60d3b797ee2f
o_abilities/95c53ff5-a1e5-417d-abd0-790d019bf520,o_activities/eb73cbe8-4e02-4a0b-bf10-f9a33e54bac7
o_abilities/95c53ff5-a1e5-417d-abd0-790d019bf520,o_activities/22cd41fd-ad55-418a-994d-1b5f86741e2c
o_abilities/95c53ff5-a1e5-417d-abd0-790d019bf520,o_activities/a29e42a7-c871-48de-8945-98dc023e29a7
o_abilities/95c53ff5-a1e5-417d-abd0-790d019bf520,o_activities/2229aa20-c84e-4f51-b51c-67dfbd150fe5
o_abilities/95c53ff5-a1e5-417d-abd0-790d019bf520,o_activities/369551d5-db24-4c4d-b72c-2a0f51374d70
o_abilities/95c53ff5-a1e5-417d-abd0-790d019bf520,o_activities/f2e3c8a9-a8b9-4101-8e56-b062bdc284f2
o_abilities/95c53ff5-a1e5-417d-abd0-790d019bf520,o_activities/2ce87e6f-c36d-460e-b65e-1e6b0d82510b
o_abilities/95c53ff5-a1e5-417d-abd0-790d019bf520,o_activities/61100a1e-f47d-451d-aeb4-ce56628b9268
o_abilities/95c53ff5-a1e5-417d-abd0-790d019bf520,o_activities/2560692f-2337-41f9-97d4-4ffa958c16d9
o_abilities/95c53ff5-a1e5-417d-abd0-790d019bf520,o_activities/85601971-5122-4dab-803f-419e8cf6f7ee
o_abilities/95c53ff5-a1e5-417d-abd0-790d019bf520,o_activities/e05b7b5d-70ee-4371-ab69-cbddf8faf3d7
o_abilities/95c53ff5-a1e5-417d-abd0-790d019bf520,o_activities/e147a30b-7e4f-439d-905c-8637e5b346ff
o_abilities/1a97bfab-20bd-4a23-92c4-bbedaa3e8b83,o_activities/2246596c-1576-4366-9586-f250212e284a
o_abilities/1a97bfab-20bd-4a23-92c4-bbedaa3e8b83,o_activities/dbd6047d-da94-4e69-bcd3-8c21ea6c3c59
o_abilities/1a97bfab-20bd-4a23-92c4-bbedaa3e8b83,o_activities/137a5985-823c-47a2-b3ed-821bd91df67c
o_abilities/1a97bfab-20bd-4a23-92c4-bbedaa3e8b83,o_activities/21ad6deb-4a38-44d2-b19b-7a935e0a036b
o_abilities/1a97bfab-20bd-4a23-92c4-bbedaa3e8b83,o_activities/89e11843-0094-4f70-8c47-671440a06830
o_abilities/1a97bfab-20bd-4a23-92c4-bbedaa3e8b83,o_activities/22704e83-49fb-415f-9a56-296ffea8f296
o_abilities/1a97bfab-20bd-4a23-92c4-bbedaa3e8b83,o_activities/5cef7b17-be09-4802-a9bf-bfda2b5855ee
o_abilities/1a97bfab-20bd-4a23-92c4-bbedaa3e8b83,o_activities/8e976ab3-26fe-43d7-a5e3-f104b5dd9bf7
o_abilities/1a97bfab-20bd-4a23-92c4-bbedaa3e8b83,o_activities/4f58bb35-c9d2-4725-bdb4-10e73317d0ff
o_abilities/1a97bfab-20bd-4a23-92c4-bbedaa3e8b83,o_activities/d8501a67-2459-4bb4-b7a9-6b41a0b715b1
o_abilities/1a97bfab-20bd-4a23-92c4-bbedaa3e8b83,o_activities/250c94ab-a42f-4264-a303-648423fc110a
o_abilities/1a97bfab-20bd-4a23-92c4-bbedaa3e8b83,o_activities/0c75463d-3dc0-49ba-806a-60d3b797ee2f
o_abilities/1a97bfab-20bd-4a23-92c4-bbedaa3e8b83,o_activities/eb73cbe8-4e02-4a0b-bf10-f9a33e54bac7
o_abilities/1a97bfab-20bd-4a23-92c4-bbedaa3e8b83,o_activities/ebfc252e-e6e7-4775-b245-86def0a2ee12
o_abilities/1a97bfab-20bd-4a23-92c4-bbedaa3e8b83,o_activities/22cd41fd-ad55-418a-994d-1b5f86741e2c
o_abilities/1a97bfab-20bd-4a23-92c4-bbedaa3e8b83,o_activities/78ad3132-917f-46f9-bc40-6612869b16a7
o_abilities/1a97bfab-20bd-4a23-92c4-bbedaa3e8b83,o_activities/bce20e9c-dc5d-4249-9b18-b042a209f766
o_abilities/1a97bfab-20bd-4a23-92c4-bbedaa3e8b83,o_activities/369551d5-db24-4c4d-b72c-2a0f51374d70
o_abilities/1a97bfab-20bd-4a23-92c4-bbedaa3e8b83,o_activities/f2e3c8a9-a8b9-4101-8e56-b062bdc284f2
o_abilities/1a97bfab-20bd-4a23-92c4-bbedaa3e8b83,o_activities/61100a1e-f47d-451d-aeb4-ce56628b9268
o_abilities/1a97bfab-20bd-4a23-92c4-bbedaa3e8b83,o_activities/e05b7b5d-70ee-4371-ab69-cbddf8faf3d7
o_abilities/1a97bfab-20bd-4a23-92c4-bbedaa3e8b83,o_activities/e85f5d04-586b-4c62-819b-816ace28c31a
o_abilities/1a97bfab-20bd-4a23-92c4-bbedaa3e8b83,o_activities/e147a30b-7e4f-439d-905c-8637e5b346ff
o_abilities/1a97bfab-20bd-4a23-92c4-bbedaa3e8b83,o_activities/610b888a-bbb0-48fb-98bf-d3d50702d997
o_abilities/99e5d143-0ccb-46d1-809a-28801569ddb4,o_activities/2246596c-1576-4366-9586-f250212e284a
o_abilities/99e5d143-0ccb-46d1-809a-28801569ddb4,o_activities/dbd6047d-da94-4e69-bcd3-8c21ea6c3c59
o_abilities/99e5d143-0ccb-46d1-809a-28801569ddb4,o_activities/fcf1b764-b7d4-424c-bc0f-23ca8a58509d
o_abilities/99e5d143-0ccb-46d1-809a-28801569ddb4,o_activities/a4f1df47-19f2-445e-89e9-5aed0a12d78c
o_abilities/99e5d143-0ccb-46d1-809a-28801569ddb4,o_activities/21ad6deb-4a38-44d2-b19b-7a935e0a036b
o_abilities/99e5d143-0ccb-46d1-809a-28801569ddb4,o_activities/22704e83-49fb-415f-9a56-296ffea8f296
o_abilities/99e5d143-0ccb-46d1-809a-28801569ddb4,o_activities/5cef7b17-be09-4802-a9bf-bfda2b5855ee
o_abilities/99e5d143-0ccb-46d1-809a-28801569ddb4,o_activities/ec4013a2-7b5c-4db8-9ef4-b518ad4219f2
o_abilities/99e5d143-0ccb-46d1-809a-28801569ddb4,o_activities/1b426eef-88f4-4086-bece-f91ed2a24499
o_abilities/99e5d143-0ccb-46d1-809a-28801569ddb4,o_activities/8e976ab3-26fe-43d7-a5e3-f104b5dd9bf7
o_abilities/99e5d143-0ccb-46d1-809a-28801569ddb4,o_activities/4f58bb35-c9d2-4725-bdb4-10e73317d0ff
o_abilities/99e5d143-0ccb-46d1-809a-28801569ddb4,o_activities/ebfc252e-e6e7-4775-b245-86def0a2ee12
o_abilities/99e5d143-0ccb-46d1-809a-28801569ddb4,o_activities/22cd41fd-ad55-418a-994d-1b5f86741e2c
o_abilities/99e5d143-0ccb-46d1-809a-28801569ddb4,o_activities/369551d5-db24-4c4d-b72c-2a0f51374d70
o_abilities/99e5d143-0ccb-46d1-809a-28801569ddb4,o_activities/f2e3c8a9-a8b9-4101-8e56-b062bdc284f2
o_abilities/99e5d143-0ccb-46d1-809a-28801569ddb4,o_activities/61100a1e-f47d-451d-aeb4-ce56628b9268
o_abilities/99e5d143-0ccb-46d1-809a-28801569ddb4,o_activities/e05b7b5d-70ee-4371-ab69-cbddf8faf3d7
o_abilities/99e5d143-0ccb-46d1-809a-28801569ddb4,o_activities/e85f5d04-586b-4c62-819b-816ace28c31a
o_abilities/99e5d143-0ccb-46d1-809a-28801569ddb4,o_activities/e147a30b-7e4f-439d-905c-8637e5b346ff
o_abilities/ccf662f0-c9ab-4692-abd0-6a3823a916c9,o_activities/137a5985-823c-47a2-b3ed-821bd91df67c
o_abilities/ccf662f0-c9ab-4692-abd0-6a3823a916c9,o_activities/21ad6deb-4a38-44d2-b19b-7a935e0a036b
o_abilities/67f7a003-60db-4bce-95d3-26c4d6aec6f9,o_activities/137a5985-823c-47a2-b3ed-821bd91df67c
o_abilities/67f7a003-60db-4bce-95d3-26c4d6aec6f9,o_activities/21ad6deb-4a38-44d2-b19b-7a935e0a036b
o_abilities/67f7a003-60db-4bce-95d3-26c4d6aec6f9,o_activities/610b888a-bbb0-48fb-98bf-d3d50702d997
o_abilities/29c450ef-7b95-4959-ac4e-97d81e4c13bf,o_activities/0c75463d-3dc0-49ba-806a-60d3b797ee2f
o_abilities/29c450ef-7b95-4959-ac4e-97d81e4c13bf,o_activities/eb73cbe8-4e02-4a0b-bf10-f9a33e54bac7
o_abilities/29c450ef-7b95-4959-ac4e-97d81e4c13bf,o_activities/f6905975-1c21-4c6b-ae0e-f6485fdb142a
o_abilities/29c450ef-7b95-4959-ac4e-97d81e4c13bf,o_activities/61100a1e-f47d-451d-aeb4-ce56628b9268
o_abilities/101f0951-09c9-4789-a234-082d8c5b134e,o_activities/dbd6047d-da94-4e69-bcd3-8c21ea6c3c59
o_abilities/101f0951-09c9-4789-a234-082d8c5b134e,o_activities/2229aa20-c84e-4f51-b51c-67dfbd150fe5
o_abilities/101f0951-09c9-4789-a234-082d8c5b134e,o_activities/369551d5-db24-4c4d-b72c-2a0f51374d70
o_abilities/d2b78371-cc21-4ef0-9e81-ff1a0c316404,o_activities/790fbbbc-e9e3-414c-8ae4-cbed5a42dfa3
o_abilities/d2b78371-cc21-4ef0-9e81-ff1a0c316404,o_activities/2246596c-1576-4366-9586-f250212e284a
o_abilities/d2b78371-cc21-4ef0-9e81-ff1a0c316404,o_activities/dbd6047d-da94-4e69-bcd3-8c21ea6c3c59
o_abilities/d2b78371-cc21-4ef0-9e81-ff1a0c316404,o_activities/fcf1b764-b7d4-424c-bc0f-23ca8a58509d
o_abilities/d2b78371-cc21-4ef0-9e81-ff1a0c316404,o_activities/137a5985-823c-47a2-b3ed-821bd91df67c
o_abilities/d2b78371-cc21-4ef0-9e81-ff1a0c316404,o_activities/21ad6deb-4a38-44d2-b19b-7a935e0a036b
o_abilities/d2b78371-cc21-4ef0-9e81-ff1a0c316404,o_activities/5cef7b17-be09-4802-a9bf-bfda2b5855ee
o_abilities/05da43f2-e89b-44e4-abeb-849b4db7cd26,o_activities/2246596c-1576-4366-9586-f250212e284a
o_abilities/05da43f2-e89b-44e4-abeb-849b4db7cd26,o_activities/dbd6047d-da94-4e69-bcd3-8c21ea6c3c59
o_abilities/05da43f2-e89b-44e4-abeb-849b4db7cd26,o_activities/fcf1b764-b7d4-424c-bc0f-23ca8a58509d
o_abilities/05da43f2-e89b-44e4-abeb-849b4db7cd26,o_activities/21ad6deb-4a38-44d2-b19b-7a935e0a036b
o_abilities/05da43f2-e89b-44e4-abeb-849b4db7cd26,o_activities/5cdeba07-2f8e-4ca2-b8d1-592d4aea6b75
o_abilities/05da43f2-e89b-44e4-abeb-849b4db7cd26,o_activities/0c75463d-3dc0-49ba-806a-60d3b797ee2f
o_abilities/05da43f2-e89b-44e4-abeb-849b4db7cd26,o_activities/eb73cbe8-4e02-4a0b-bf10-f9a33e54bac7
o_abilities/b96a21bd-0ea9-404a-bab4-c274ece19b8b,o_activities/5cdeba07-2f8e-4ca2-b8d1-592d4aea6b75
o_abilities/bd292045-d232-440e-98c6-ecbf386c4681,o_activities/dbd6047d-da94-4e69-bcd3-8c21ea6c3c59
o_abilities/bd292045-d232-440e-98c6-ecbf386c4681,o_activities/fcf1b764-b7d4-424c-bc0f-23ca8a58509d
o_abilities/bd292045-d232-440e-98c6-ecbf386c4681,o_activities/137a5985-823c-47a2-b3ed-821bd91df67c
o_abilities/bd292045-d232-440e-98c6-ecbf386c4681,o_activities/ec4013a2-7b5c-4db8-9ef4-b518ad4219f2
o_abilities/bd292045-d232-440e-98c6-ecbf386c4681,o_activities/5cdeba07-2f8e-4ca2-b8d1-592d4aea6b75
o_abilities/bd292045-d232-440e-98c6-ecbf386c4681,o_activities/250c94ab-a42f-4264-a303-648423fc110a
o_abilities/bd292045-d232-440e-98c6-ecbf386c4681,o_activities/0c75463d-3dc0-49ba-806a-60d3b797ee2f
o_abilities/bd292045-d232-440e-98c6-ecbf386c4681,o_activities/eb73cbe8-4e02-4a0b-bf10-f9a33e54bac7
o_abilities/f8bf2cd8-585d-4fbf-a91f-a4f7bdb61e11,o_activities/790fbbbc-e9e3-414c-8ae4-cbed5a42dfa3
o_abilities/f8bf2cd8-585d-4fbf-a91f-a4f7bdb61e11,o_activities/2246596c-1576-4366-9586-f250212e284a
o_abilities/f8bf2cd8-585d-4fbf-a91f-a4f7bdb61e11,o_activities/22704e83-49fb-415f-9a56-296ffea8f296
o_abilities/f8bf2cd8-585d-4fbf-a91f-a4f7bdb61e11,o_activities/5cef7b17-be09-4802-a9bf-bfda2b5855ee
o_abilities/f8bf2cd8-585d-4fbf-a91f-a4f7bdb61e11,o_activities/ec4013a2-7b5c-4db8-9ef4-b518ad4219f2
o_abilities/f8bf2cd8-585d-4fbf-a91f-a4f7bdb61e11,o_activities/d8501a67-2459-4bb4-b7a9-6b41a0b715b1
o_abilities/f8bf2cd8-585d-4fbf-a91f-a4f7bdb61e11,o_activities/ebfc252e-e6e7-4775-b245-86def0a2ee12
o_abilities/f8bf2cd8-585d-4fbf-a91f-a4f7bdb61e11,o_activities/f6905975-1c21-4c6b-ae0e-f6485fdb142a
o_abilities/f8bf2cd8-585d-4fbf-a91f-a4f7bdb61e11,o_activities/61100a1e-f47d-451d-aeb4-ce56628b9268
o_abilities/519d3f83-721e-4a0c-8de5-74bd229903c8,o_activities/2246596c-1576-4366-9586-f250212e284a
o_abilities/519d3f83-721e-4a0c-8de5-74bd229903c8,o_activities/5cdeba07-2f8e-4ca2-b8d1-592d4aea6b75
o_abilities/519d3f83-721e-4a0c-8de5-74bd229903c8,o_activities/f6905975-1c21-4c6b-ae0e-f6485fdb142a
o_abilities/8be47a29-4dfc-4f58-9605-997c6f009032,o_activities/cf25409b-fb31-4bea-b57e-f1b3ee90b74b
o_abilities/8be47a29-4dfc-4f58-9605-997c6f009032,o_activities/3c050d62-12f3-4877-93e1-6fc817014442
o_abilities/8be47a29-4dfc-4f58-9605-997c6f009032,o_activities/5cdeba07-2f8e-4ca2-b8d1-592d4aea6b75
o_abilities/8be47a29-4dfc-4f58-9605-997c6f009032,o_activities/0c75463d-3dc0-49ba-806a-60d3b797ee2f
o_abilities/8be47a29-4dfc-4f58-9605-997c6f009032,o_activities/eb73cbe8-4e02-4a0b-bf10-f9a33e54bac7
o_abilities/5941b314-513e-4650-bd3e-8f780058983e,o_activities/cf25409b-fb31-4bea-b57e-f1b3ee90b74b
o_abilities/5941b314-513e-4650-bd3e-8f780058983e,o_activities/0c75463d-3dc0-49ba-806a-60d3b797ee2f
o_abilities/5941b314-513e-4650-bd3e-8f780058983e,o_activities/eb73cbe8-4e02-4a0b-bf10-f9a33e54bac7
o_abilities/00bd6dc1-38a0-4fb2-bdf7-0e2c1a8eb7cd,o_activities/cf25409b-fb31-4bea-b57e-f1b3ee90b74b
o_abilities/00bd6dc1-38a0-4fb2-bdf7-0e2c1a8eb7cd,o_activities/0c75463d-3dc0-49ba-806a-60d3b797ee2f
o_abilities/00bd6dc1-38a0-4fb2-bdf7-0e2c1a8eb7cd,o_activities/eb73cbe8-4e02-4a0b-bf10-f9a33e54bac7
o_abilities/a4bc1d82-48d5-4f72-a8fe-70d82c503612,o_activities/3c050d62-12f3-4877-93e1-6fc817014442
o_abilities/a4bc1d82-48d5-4f72-a8fe-70d82c503612,o_activities/5cdeba07-2f8e-4ca2-b8d1-592d4aea6b75
o_abilities/a4bc1d82-48d5-4f72-a8fe-70d82c503612,o_activities/0c75463d-3dc0-49ba-806a-60d3b797ee2f
o_abilities/a4bc1d82-48d5-4f72-a8fe-70d82c503612,o_activities/eb73cbe8-4e02-4a0b-bf10-f9a33e54bac7
o_abilities/a626da16-54f4-4dcf-a3e0-c6c3d01446ae,o_activities/44e94af6-0e15-492d-90b4-12145a296fdc
o_abilities/a626da16-54f4-4dcf-a3e0-c6c3d01446ae,o_activities/cf25409b-fb31-4bea-b57e-f1b3ee90b74b
o_abilities/a626da16-54f4-4dcf-a3e0-c6c3d01446ae,o_activities/5cdeba07-2f8e-4ca2-b8d1-592d4aea6b75
o_abilities/72b8358c-ea95-467f-9e4d-788b62465a19,o_activities/5cdeba07-2f8e-4ca2-b8d1-592d4aea6b75
o_abilities/31664453-ebba-45c8-a2a8-f1927f71b56c,o_activities/3c050d62-12f3-4877-93e1-6fc817014442
o_abilities/31664453-ebba-45c8-a2a8-f1927f71b56c,o_activities/5cdeba07-2f8e-4ca2-b8d1-592d4aea6b75
o_abilities/0c350e21-08e7-4917-bb03-59f64605ce0c,o_activities/3c050d62-12f3-4877-93e1-6fc817014442
o_abilities/0c350e21-08e7-4917-bb03-59f64605ce0c,o_activities/5cdeba07-2f8e-4ca2-b8d1-592d4aea6b75
o_abilities/ed1b9617-9b62-4054-96a1-c1d961c5307e,o_activities/ebfc252e-e6e7-4775-b245-86def0a2ee12
o_abilities/eadbec1c-c5e3-495c-b686-02bd786cf11e,o_activities/44e94af6-0e15-492d-90b4-12145a296fdc
o_abilities/eadbec1c-c5e3-495c-b686-02bd786cf11e,o_activities/cf25409b-fb31-4bea-b57e-f1b3ee90b74b
o_abilities/c9cbbba4-4db4-4412-81ad-3774c432a504,o_activities/44e94af6-0e15-492d-90b4-12145a296fdc
o_abilities/c9cbbba4-4db4-4412-81ad-3774c432a504,o_activities/cf25409b-fb31-4bea-b57e-f1b3ee90b74b
o_abilities/7c9bf00b-b06d-4f12-99c8-aa10097a692b,o_activities/44e94af6-0e15-492d-90b4-12145a296fdc
o_abilities/c2ff0c92-5bed-4e73-83d2-98c8208eee9f,o_activities/44e94af6-0e15-492d-90b4-12145a296fdc
o_abilities/c2ff0c92-5bed-4e73-83d2-98c8208eee9f,o_activities/5cdeba07-2f8e-4ca2-b8d1-592d4aea6b75
o_abilities/678ddb6a-1bb6-4a07-96c2-388033f5d0e1,o_activities/44e94af6-0e15-492d-90b4-12145a296fdc
o_abilities/29291edb-53dd-466e-9ebb-e5c00f7fe507,o_activities/44e94af6-0e15-492d-90b4-12145a296fdc
o_abilities/29291edb-53dd-466e-9ebb-e5c00f7fe507,o_activities/cf25409b-fb31-4bea-b57e-f1b3ee90b74b
o_abilities/29291edb-53dd-466e-9ebb-e5c00f7fe507,o_activities/0c75463d-3dc0-49ba-806a-60d3b797ee2f
o_abilities/29291edb-53dd-466e-9ebb-e5c00f7fe507,o_activities/eb73cbe8-4e02-4a0b-bf10-f9a33e54bac7
o_abilities/57d6d27e-c4db-45a4-aec2-774a8c30057f,o_activities/44e94af6-0e15-492d-90b4-12145a296fdc
o_abilities/f40896a9-5618-4599-b81c-0065cfcaf9d2,o_activities/44e94af6-0e15-492d-90b4-12145a296fdc
o_abilities/1ba74502-9dbe-44f8-8c19-2ac324dda7cb,o_activities/790fbbbc-e9e3-414c-8ae4-cbed5a42dfa3
o_abilities/1ba74502-9dbe-44f8-8c19-2ac324dda7cb,o_activities/2246596c-1576-4366-9586-f250212e284a
o_abilities/1ba74502-9dbe-44f8-8c19-2ac324dda7cb,o_activities/dbd6047d-da94-4e69-bcd3-8c21ea6c3c59
o_abilities/1ba74502-9dbe-44f8-8c19-2ac324dda7cb,o_activities/fcf1b764-b7d4-424c-bc0f-23ca8a58509d
o_abilities/1ba74502-9dbe-44f8-8c19-2ac324dda7cb,o_activities/137a5985-823c-47a2-b3ed-821bd91df67c
o_abilities/1ba74502-9dbe-44f8-8c19-2ac324dda7cb,o_activities/a4f1df47-19f2-445e-89e9-5aed0a12d78c
o_abilities/1ba74502-9dbe-44f8-8c19-2ac324dda7cb,o_activities/21ad6deb-4a38-44d2-b19b-7a935e0a036b
o_abilities/1ba74502-9dbe-44f8-8c19-2ac324dda7cb,o_activities/89e11843-0094-4f70-8c47-671440a06830
o_abilities/1ba74502-9dbe-44f8-8c19-2ac324dda7cb,o_activities/3c050d62-12f3-4877-93e1-6fc817014442
o_abilities/1ba74502-9dbe-44f8-8c19-2ac324dda7cb,o_activities/5cdeba07-2f8e-4ca2-b8d1-592d4aea6b75
o_abilities/1ba74502-9dbe-44f8-8c19-2ac324dda7cb,o_activities/d8501a67-2459-4bb4-b7a9-6b41a0b715b1
o_abilities/1ba74502-9dbe-44f8-8c19-2ac324dda7cb,o_activities/250c94ab-a42f-4264-a303-648423fc110a
o_abilities/1ba74502-9dbe-44f8-8c19-2ac324dda7cb,o_activities/0c75463d-3dc0-49ba-806a-60d3b797ee2f
o_abilities/1ba74502-9dbe-44f8-8c19-2ac324dda7cb,o_activities/eb73cbe8-4e02-4a0b-bf10-f9a33e54bac7
o_abilities/1ba74502-9dbe-44f8-8c19-2ac324dda7cb,o_activities/ebfc252e-e6e7-4775-b245-86def0a2ee12
o_abilities/1ba74502-9dbe-44f8-8c19-2ac324dda7cb,o_activities/e85f5d04-586b-4c62-819b-816ace28c31a
o_abilities/5d044953-7ccd-44d5-8d5e-805e8ea81e40,o_activities/790fbbbc-e9e3-414c-8ae4-cbed5a42dfa3
o_abilities/5d044953-7ccd-44d5-8d5e-805e8ea81e40,o_activities/2246596c-1576-4366-9586-f250212e284a
o_abilities/5d044953-7ccd-44d5-8d5e-805e8ea81e40,o_activities/dbd6047d-da94-4e69-bcd3-8c21ea6c3c59
o_abilities/5d044953-7ccd-44d5-8d5e-805e8ea81e40,o_activities/fcf1b764-b7d4-424c-bc0f-23ca8a58509d
o_abilities/5d044953-7ccd-44d5-8d5e-805e8ea81e40,o_activities/137a5985-823c-47a2-b3ed-821bd91df67c
o_abilities/5d044953-7ccd-44d5-8d5e-805e8ea81e40,o_activities/5cdeba07-2f8e-4ca2-b8d1-592d4aea6b75
o_abilities/543d6ad3-e5a2-4908-885c-c1e4f0f8cec4,o_activities/2246596c-1576-4366-9586-f250212e284a
o_abilities/543d6ad3-e5a2-4908-885c-c1e4f0f8cec4,o_activities/dbd6047d-da94-4e69-bcd3-8c21ea6c3c59
o_abilities/543d6ad3-e5a2-4908-885c-c1e4f0f8cec4,o_activities/fcf1b764-b7d4-424c-bc0f-23ca8a58509d
o_abilities/543d6ad3-e5a2-4908-885c-c1e4f0f8cec4,o_activities/eb73cbe8-4e02-4a0b-bf10-f9a33e54bac7
o_abilities/d0f94ff9-86f8-465a-9b55-745da94cd9e7,o_activities/5cdeba07-2f8e-4ca2-b8d1-592d4aea6b75
o_abilities/ee82c370-86fb-4f6a-b33e-807a7b695afc,o_activities/5cdeba07-2f8e-4ca2-b8d1-592d4aea6b75
o_abilities/8a9f296c-8a81-4ae6-be75-d6aadfd9c4a2,o_activities/fcf1b764-b7d4-424c-bc0f-23ca8a58509d
o_abilities/8a9f296c-8a81-4ae6-be75-d6aadfd9c4a2,o_activities/137a5985-823c-47a2-b3ed-821bd91df67c
o_abilities/8a9f296c-8a81-4ae6-be75-d6aadfd9c4a2,o_activities/5cdeba07-2f8e-4ca2-b8d1-592d4aea6b75
o_abilities/17f7d2b9-49c3-469f-a2c6-1a0f1b892604,o_activities/5cdeba07-2f8e-4ca2-b8d1-592d4aea6b75
o_abilities/79bb458a-7393-410e-99af-e57283f97b0e,o_activities/2246596c-1576-4366-9586-f250212e284a
o_abilities/79bb458a-7393-410e-99af-e57283f97b0e,o_activities/dbd6047d-da94-4e69-bcd3-8c21ea6c3c59
o_abilities/79bb458a-7393-410e-99af-e57283f97b0e,o_activities/fcf1b764-b7d4-424c-bc0f-23ca8a58509d
o_abilities/79bb458a-7393-410e-99af-e57283f97b0e,o_activities/5cdeba07-2f8e-4ca2-b8d1-592d4aea6b75
o_abilities/a096687a-02bd-4506-a95f-199f2c723748,o_activities/2246596c-1576-4366-9586-f250212e284a
o_abilities/a096687a-02bd-4506-a95f-199f2c723748,o_activities/fcf1b764-b7d4-424c-bc0f-23ca8a58509d
o_abilities/a096687a-02bd-4506-a95f-199f2c723748,o_activities/5cdeba07-2f8e-4ca2-b8d1-592d4aea6b75
o_abilities/a096687a-02bd-4506-a95f-199f2c723748,o_activities/f6905975-1c21-4c6b-ae0e-f6485fdb142a
o_abilities/1e7727b8-2fda-4e50-ba83-89920eaa7f4c,o_activities/5cdeba07-2f8e-4ca2-b8d1-592d4aea6b75
o_abilities/9e6e1c1d-2445-4dc4-9c99-bf40631b37be,o_activities/790fbbbc-e9e3-414c-8ae4-cbed5a42dfa3
o_abilities/9e6e1c1d-2445-4dc4-9c99-bf40631b37be,o_activities/22cd41fd-ad55-418a-994d-1b5f86741e2c
o_abilities/9e6e1c1d-2445-4dc4-9c99-bf40631b37be,o_activities/78ad3132-917f-46f9-bc40-6612869b16a7
o_abilities/9e6e1c1d-2445-4dc4-9c99-bf40631b37be,o_activities/bce20e9c-dc5d-4249-9b18-b042a209f766
o_abilities/9e6e1c1d-2445-4dc4-9c99-bf40631b37be,o_activities/1c21c960-f418-4a75-8c27-5746210b8fcd
o_abilities/9e6e1c1d-2445-4dc4-9c99-bf40631b37be,o_activities/a29e42a7-c871-48de-8945-98dc023e29a7
o_abilities/9e6e1c1d-2445-4dc4-9c99-bf40631b37be,o_activities/2229aa20-c84e-4f51-b51c-67dfbd150fe5
o_abilities/9e6e1c1d-2445-4dc4-9c99-bf40631b37be,o_activities/369551d5-db24-4c4d-b72c-2a0f51374d70
o_abilities/9e6e1c1d-2445-4dc4-9c99-bf40631b37be,o_activities/f6905975-1c21-4c6b-ae0e-f6485fdb142a
o_abilities/9e6e1c1d-2445-4dc4-9c99-bf40631b37be,o_activities/f2e3c8a9-a8b9-4101-8e56-b062bdc284f2
o_abilities/9e6e1c1d-2445-4dc4-9c99-bf40631b37be,o_activities/2ce87e6f-c36d-460e-b65e-1e6b0d82510b
o_abilities/9e6e1c1d-2445-4dc4-9c99-bf40631b37be,o_activities/61100a1e-f47d-451d-aeb4-ce56628b9268
o_abilities/9e6e1c1d-2445-4dc4-9c99-bf40631b37be,o_activities/2560692f-2337-41f9-97d4-4ffa958c16d9
o_abilities/9e6e1c1d-2445-4dc4-9c99-bf40631b37be,o_activities/85601971-5122-4dab-803f-419e8cf6f7ee
o_abilities/9e6e1c1d-2445-4dc4-9c99-bf40631b37be,o_activities/e05b7b5d-70ee-4371-ab69-cbddf8faf3d7
o_abilities/9e6e1c1d-2445-4dc4-9c99-bf40631b37be,o_activities/e147a30b-7e4f-439d-905c-8637e5b346ff
o_abilities/d2f3563b-4ce3-4d8d-b605-46aeaaf2819a,o_activities/22cd41fd-ad55-418a-994d-1b5f86741e2c
o_abilities/d2f3563b-4ce3-4d8d-b605-46aeaaf2819a,o_activities/78ad3132-917f-46f9-bc40-6612869b16a7
o_abilities/d2f3563b-4ce3-4d8d-b605-46aeaaf2819a,o_activities/bce20e9c-dc5d-4249-9b18-b042a209f766
o_abilities/d2f3563b-4ce3-4d8d-b605-46aeaaf2819a,o_activities/1c21c960-f418-4a75-8c27-5746210b8fcd
o_abilities/d2f3563b-4ce3-4d8d-b605-46aeaaf2819a,o_activities/a29e42a7-c871-48de-8945-98dc023e29a7
o_abilities/d2f3563b-4ce3-4d8d-b605-46aeaaf2819a,o_activities/2229aa20-c84e-4f51-b51c-67dfbd150fe5
o_abilities/d2f3563b-4ce3-4d8d-b605-46aeaaf2819a,o_activities/369551d5-db24-4c4d-b72c-2a0f51374d70
o_abilities/d2f3563b-4ce3-4d8d-b605-46aeaaf2819a,o_activities/f6905975-1c21-4c6b-ae0e-f6485fdb142a
o_abilities/d2f3563b-4ce3-4d8d-b605-46aeaaf2819a,o_activities/f2e3c8a9-a8b9-4101-8e56-b062bdc284f2
o_abilities/d2f3563b-4ce3-4d8d-b605-46aeaaf2819a,o_activities/2ce87e6f-c36d-460e-b65e-1e6b0d82510b
o_abilities/d2f3563b-4ce3-4d8d-b605-46aeaaf2819a,o_activities/61100a1e-f47d-451d-aeb4-ce56628b9268
o_abilities/d2f3563b-4ce3-4d8d-b605-46aeaaf2819a,o_activities/2560692f-2337-41f9-97d4-4ffa958c16d9
o_abilities/d2f3563b-4ce3-4d8d-b605-46aeaaf2819a,o_activities/85601971-5122-4dab-803f-419e8cf6f7ee
o_abilities/d2f3563b-4ce3-4d8d-b605-46aeaaf2819a,o_activities/e05b7b5d-70ee-4371-ab69-cbddf8faf3d7
o_abilities/d2f3563b-4ce3-4d8d-b605-46aeaaf2819a,o_activities/e147a30b-7e4f-439d-905c-8637e5b346ff
